1,Rides Management,All Ride Will manage from here,ridesManagement,<FiTarget/>,,1,,2025-06-02 11:57:11.623+05:30,2025-06-02 11:57:11.623+05:30,
2,All Rides,All Ride List will come here,allRides,FiTarget,1,1,,2025-06-02 12:17:34.688+05:30,2025-06-02 12:17:34.688+05:30,
4,Completed Rides,All Completed Ride List will come here,completedRide,FiTarget,1,1,,2025-06-02 12:21:05.726+05:30,2025-06-02 12:21:05.726+05:30,
5,Cancelled Rides,All Completed Ride List will come here,cancelledRide,FiTarget,1,1,,2025-06-02 12:21:50.555+05:30,2025-06-02 12:21:50.555+05:30,
6,Arrived Rides,All Arrived Ride List will come here,arrivedRide,FiTarget,1,1,,2025-06-02 12:22:42.559+05:30,2025-06-02 12:22:42.559+05:30,
7,Offer Rides,All Offer Ride List will come here,offerRide,FiTarget,1,1,,2025-06-02 12:23:23.41+05:30,2025-06-02 12:23:23.41+05:30,
8,Exclusive Offers,All Exclusive Offers Ride List will come here,exclusiveOffer,FiTarget,1,1,,2025-06-02 12:24:03.988+05:30,2025-06-02 12:24:03.988+05:30,
3,Confirmed Rides,All Confirmed Ride List will come here,confirmedRide,FiTarget,1,1,,2025-06-02 12:19:14.63+05:30,2025-06-02 12:19:14.63+05:30,
9,Dashboard,All Dashboard List will come here,dashboard,FiTarget,,1,,2025-06-02 15:13:24.348+05:30,2025-06-02 15:13:24.348+05:30,
10,Dashboard V1,All Dashboard V1 List will come here,dashboard,FiHome,9,1,,2025-06-02 15:24:01.137+05:30,2025-06-02 15:24:01.137+05:30,
11,Cab Management,All Dashboard V1 List will come here,dashboard,FiTarget,,1,,2025-06-03 10:49:30.852+05:30,2025-06-03 10:49:30.852+05:30,
12,Cab Drivers,All cabDriver List will come here,cabDriver,FiTarget,11,1,,2025-06-03 10:52:34.349+05:30,2025-06-03 10:52:34.349+05:30,
